#SampleID	Sample_Site	Lake	Sample_Method	Month_collected	Month_0	Replicate	Matrix	Sample_Blank	Collected_Date	Sample	qbit_conc_extraction	read_count	replicate_count	day_year	PC_R1	PC_R2	PC_R3	PE_R1	PE_R2	PE_R3	salinity
#q2:types	categorical	categorical	categorical	numeric	numeric	categorical	categorical	categorical	categorical	categorical	numeric	numeric	numeric	numeric	numeric	numeric	numeric	numeric	numeric	numeric	numeric
CHMK2w0714221	CHP2	Chilmark	<5	7	1	1	water	Sample	7/14/22	CHMK2w071422			2	372	13.86			1.54			
CHMK2w0714222	CHP2	Chilmark	<5	7	1	2	water	Sample	7/14/22	CHMK2w071422			1	372	13.86			1.54			
CHP2w062722WLW1	CHP2	Chilmark	WLW	6	0	1	water	Sample	6/27/22	CHP2w062722WLW	1.07		2	355	12.08			1.27			9.58
CHP2w062722WLW2	CHP2	Chilmark	WLW	7	1	2	water	Sample	6/27/22	CHP2w062722WLW	0.838		1	355	12.08			1.27			9.58
CHP2w0724221	CHP2	Chilmark	<5	7	1	1	water	Sample	7/24/22	CHP2w072422			1	382	13.86			1.54			8.59
CHP2w072422BFC1	CHP2	Chilmark	BFC	7	1	1	water	Sample	7/24/22	CHP2w072422BFC			1	382	17.91	7.79	10	2.37	1.76	1.16	8.59
CHP2w072422WLW1	CHP2	Chilmark	WLW	7	1	1	water	Sample	7/24/22	CHP2w072422WLW			2	382	10.73			1			8.59
CHP2w072422WLW2	CHP2	Chilmark	WLW	7	1	2	water	Sample	7/24/22	CHP2w072422WLW			1	382	10.73			1			8.59
CHP2w0801222	CHP2	Chilmark	<5	8	2		water	Sample	8/1/22	CHP2w080122	3.14	219667	1	390	14.96	16.44	21.22	0.05	0.15	0.15	8.53
CHP2w080122BFC1	CHP2	Chilmark	BFC	8	2		water	Sample	8/1/22	CHP2w080122BFC	0.996	196395	1	390	5.22	3.2	3.38	0.21	0.05	0.1	8.53
CHP2w080122WLW1	CHP2	Chilmark	WLW	8	2		water	Sample	8/1/22	CHP2w080122WLW	2.44	370226	1	390	14.96	18.46	15.7	0.05	0.15	0.21	8.53
CHP2w080122WLW2	CHP2	Chilmark	WLW	8	2		water	Sample	8/1/22	CHP2w080122WLW	1.74	217716	2	390	14.96	18.46	15.7	0.05	0.15	0.21	8.53
CHP2w0824221	CHP2	Chilmark	<5	8	2	1	water	Sample	8/24/22	CHP2w082422	1.8	305252	2	413	10.01	10.57	10.34	1.46	1.35	1.21	8
CHP2w0824222	CHP2	Chilmark	<5	8	2	2	water	Sample	8/24/22	CHP2w082422	1.29		1	413	10.01	10.57	10.34	1.46	1.35	1.21	8
CHP2w082422BFC1	CHP2	Chilmark	BFC	8	2	1	water	Sample	8/24/22	CHP2w082422BFC	0.708		1	413	16.45	16.69	14.99	2.59	2.3	2.54	8
CHP2w082422WLW1	CHP2	Chilmark	WLW	8	2	1	water	Sample	8/24/22	CHP2w082422WLW	1.02		2	413	13.41	13.98	14.74	1.86	1.92	2.03	8
CHP2w082422WLW2	CHP2	Chilmark	WLW	8	2	2	water	Sample	8/24/22	CHP2w082422WLW	0.532		1	413	13.41	13.98	14.74	1.86	1.92	2.03	8
CHP2w0909221	CHP2	Chilmark	<5	9	3	1	water	Sample	9/9/22	CHP2w090922	11	55838	1	429	27.46	33.45	33.16	1.81	1.81	1.97	
CHP2w090922WLW1	CHP2	Chilmark	WLW	9	3	2	water	Sample	9/9/22	CHP2w090922WLW	15.4	89034	1	429	83.29	75.88	70.75	2.57	2.51	2.78	
CHP2w0914221	CHP2	Chilmark	<5	9	3	1	water	Sample	9/14/22	CHP2w091422	6.88	17393	1	434	30.88	28.41	30.5	1.43	1.16	1.32	6.73
CHP2w091422BFC1	CHP2	Chilmark	BFC	9	3	1	water	Sample	9/14/22	CHP2w091422BFC	11.9	239165	1	434	43.41	47.59	36.58	1.27	1.7	1.54	6.73
CHP2w091422WLW1	CHP2	Chilmark	WLW	9	3	1	water	Sample	9/14/22	CHP2w091422WLW	5.46	21423	1	434	35.63	29.55	36.2	1.59	1.37	1.81	6.73
CHP6w082422BFC1	CHP6	Chilmark	BFC	8	2	1	water	Sample	8/24/22	CHP6w082422BFC	1.41		1	413	324.19	526.57	355.11	4.52	3.65	3.6	6.71
CHP6w0909221	CHP6	Chilmark	<5	9	3	1	water	Sample	9/9/22	CHP6w090922	8.94	15721	1	429	13.79	13.41	13.98	1.32	1.54	1.54	
CHP6w090922BFC1	CHP6	Chilmark	BFC	9	3	1	water	Sample	9/9/22	CHP6w090922BFC	16.3	72919	1	429	380.33	446.34	329.31	3.92	3.98	3.79	
CHP6w090922WLW1	CHP6	Chilmark	WLW	9	3	1	water	Sample	9/9/22	CHP6w090922WLW	27.6	86573	1	429	89.93	100	132.24	2.4	2.95	2.24	
CHP6w091422BFC1	CHP6	Chilmark	BFC	9	3	1	water	Sample	9/14/22	CHP6w091422BFC	10.6	90940	1	434	77.59	104.17	75.12	1.92	2.19	1.7	5.98
CHPUpw072422BFC1	CHPUp	Chilmark Up	BFC	7	1	1	water	Sample	7/24/22	CHPUpw072422BFC			2	382	153.91	180.22	181.51	1	1.05	1.1	0.13
CHPUpw072422BFC2	CHPUp	Chilmark Up	BFC	7	1	2	water	Sample	7/24/22	CHPUpw072422BFC			1	382	153.91	180.22	181.51	1	1.05	1.1	0.13
CHPUpw072422WLW1	CHPUp	Chilmark Up	WLW	7	1	1	water	Sample	7/24/22	CHPUpw072422WLW			2	382	2.83	2.1	2.65	0	0	0	0.13
CHPUpw072422WLW2	CHPUp	Chilmark Up	WLW	7	1	2	water	Sample	7/24/22	CHPUpw072422WLW			1	382	2.83	2.1	2.65	0	0	0	0.13
CHPupw080122BFC1	CHPUp	Chilmark Up	BFC	8	2		water	Sample	8/1/22	CHPupw080122BFC	0.44	221802	1	390	133.12	159.98	79.42	0.71	0.77	0.55	1.98
CHPupw080122BFC2	CHPUp	Chilmark Up	BFC	8	2		water	Sample	8/1/22	CHPupw080122BFC	0.8	91830	2	390	133.12	159.98	79.42	0.71	0.77	0.55	1.98
CHPupw080122WLW1	CHPUp	Chilmark Up	WLW	8	2		water	Sample	8/1/22	CHPupw080122WLW	0.698	213063	1	390	160.17	195.13	223.65	1.35	1.49	1.05	1.98
CHPupw080122WLW2	CHPUp	Chilmark Up	WLW	8	2		water	Sample	8/1/22	CHPupw080122WLW	1.56	162684	2	390	160.17	195.13	223.65	1.35	1.49	1.05	1.98
CHPUpw0824221	CHPUp	Chilmark Up	<5	8	2	1	water	Sample	8/24/22	CHPUpw082422	2.16	334197	2	413	98.29	93.35	98.48	3.27	3.35	3.33	1.21
CHPUpw0824222	CHPUp	Chilmark Up	<5	8	2	2	water	Sample	8/24/22	CHPUpw082422	1.26		1	413	98.29	93.35	98.48	3.27	3.35	3.33	1.21
CHPUpw082422BFC1	CHPUp	Chilmark Up	BFC	8	2	1	water	Sample	8/24/22	CHPUpw082422BFC	2.06	325944	1	413	2785.5	2684.97	1896.45	7.5	6.53	7.5	1.21
CHPUpw082422WLW1	CHPUp	Chilmark Up	WLW	8	2	1	water	Sample	8/24/22	CHPUpw082422WLW	0.846		2	413	265.01	254.2	248.3	3.06	2.95	3.11	1.21
CHPUpw082422WLW2	CHPUp	Chilmark Up	WLW	8	2	2	water	Sample	8/24/22	CHPUpw082422WLW	0.808		1	413	265.01	254.2	248.3	3.06	2.95	3.11	1.21
CHPUpw0909221	CHPUp	Chilmark Up	<5	9	3	1	water	Sample	9/9/22	CHPUpw090922	2.44	205683	1	429	27.84	31.07	28.41	2.95	1.75	3.06	
CHPUpw090922BFC1	CHPUp	Chilmark Up	BFC	9	3	1	water	Sample	9/9/22	CHPUpw090922BFC	3.62	200134	1	429	651.46	805.39	827.39	2.62	2.62	2.68	
CHPUpw090922BFC2	CHPUp	Chilmark Up	BFC	9	3	2	water	Sample	9/9/22	CHPUpw090922BFC	1.94	12375	2	429	651.46	805.39	827.39	2.62	2.62	2.68	
CHPUpw090922WLW1	CHPUp	Chilmark Up	WLW	9	3	1	water	Sample	9/9/22	CHPUpw090922WLW	2.94	53927	2	429	83.29	75.88	70.75	2.57	2.51	2.78	
CHPUpw090922WLW2	CHPUp	Chilmark Up	WLW	9	3	2	water	Sample	9/9/22	CHPUpw090922WLW	3.52	235543	1	429	83.29	75.88	70.75	2.57	2.51	2.78	
CHPUpw0914221	CHPUp	Chilmark Up	<5	9	3	1	water	Sample	9/14/22	CHPUpw091422	5.54	15166	1	434	30.5	31.64	29.35	3.16	3.16	3.11	0.54
CHPUpw091422BFC1	CHPUp	Chilmark Up	BFC	9	3	1	water	Sample	9/14/22	CHPUpw091422BFC	20	155593	1	434	4470.86	3809.23	8554.73	10.54	9.4	9.51	0.54
CHPUpw091422WLW1	CHPUp	Chilmark Up	WLW	9	3	1	water	Sample	9/14/22	CHPUpw091422WLW	4.86	39938	1	434	191.8	203.75	214.18	3.22	3.22	3.33	0.54
EGP7w0830221	EGP 7.00	Edgratown Great Pond	<5	8	2	1	water	Sample	8/30/22	EGP7w083022	4.14		2	419	23.29	28.22	23.86	1.05	1.15	0.94	0.54
EGP7w0830222	EGP 7.00	Edgratown Great Pond	<5	8	2	2	water	Sample	8/30/22	EGP7w083022	4.76		1	419	23.29	28.22	23.86	1.05	1.15	0.94	15.84
EGP7w083022WLW1	EGP 7.00	Edgratown Great Pond	WLW	8	2	1	water	Sample	8/30/22	EGP7w083022WLW	4.12		2	419	23.67	17.97	20.82	0.88	0.71	0.66	15.84
EGP7w083022WLW2	EGP 7.00	Edgratown Great Pond	WLW	8	2	2	water	Sample	8/30/22	EGP7w083022WLW	2.5		1	419	23.67	17.97	20.82	0.88	0.71	0.66	15.84
EGP7w0915221	EGP 7.00	Egratown Great Pond	<5	9	3	1	water	Sample	9/15/22	EGP7w091522	1.42	23723	1	435	30.31	35.44	34.11	0.66	0.83	0.77	15.37
EGP7w091522WLW1	EGP 7.00	Egratown Great Pond	WLW	9	3	1	water	Sample	9/15/22	EGP7w091522WLW	11.7	101475	1	435	32.21	31.07	0.71	0.66	0.88		15.37
EGP7w0930221	EGP 7.00	Egratown Great Pond	<5	9	3	1	water	Sample	9/30/22	EGP7w093022	4.86	262181	1	450	23.72	25.11	24.65	1.45	1.51	1.34	14
EGP7w0930222	EGP 7.00	Egratown Great Pond	<5	9	3	2	water	Sample	9/30/22	EGP7w093022	2.82	221220	2	450	23.72	25.11	24.65	1.45	1.51	1.34	14
EGP7w093022WLW1	EGP 7.00	Egratown Great Pond	WLW	9	3	1	water	Sample	9/30/22	EGP7w093022WLW	4.8	127649	2	450	26.27	26.27	29.67	2.31	2.02	2.42	14
EGP7w093022WLW2	EGP 7.00	Egratown Great Pond	WLW	9	3	2	water	Sample	9/30/22	EGP7w093022WLW	2.8	219101	1	450	26.27	26.27	29.67	2.31	2.02	2.42	14
EGP9w0830221	EGP 9.00	Edgratown Great Pond	<5	8	2	1	water	Sample	8/30/22	EGP9w083022	6.18		1	419	16.07	14.74	18.73	1.21	0.79	0.77	13.61
EGP9w083022WLW1	EGP 9.00	Edgratown Great Pond	WLW	8	2	1	water	Sample	8/30/22	EGP9w083022WLW	6.94		2	419	21.01	21.58	18.35	0.77	0.83	0.88	13.61
EGP9w083022WLW2	EGP 9.00	Edgratown Great Pond	WLW	8	2	2	water	Sample	8/30/22	EGP9w083022WLW	6.28		1	419	21.01	21.58	18.35	0.77	0.83	0.88	13.61
EGP9w0915221	EGP 9.00	Egratown Great Pond	<5	9	3	1	water	Sample	9/15/22	EGP9w091522	15.8	155621	1	435	32.21	38.85	32.25	0.71	0.88	0.71	13.02
EGP9w091522WLW1	EGP 9.00	Egratown Great Pond	WLW	9	3	1	water	Sample	9/15/22	EGP9w091522WLW	9.54	81275	1	435	32.4	32.59	32.59	1.21	1.05	1.1	13.02
EGP9w0930221	EGP 9.00	Egratown Great Pond	<5	9	3	1	water	Sample	9/30/22	EGP9w093022	4.84	251343	2	450	30.23	33.02	32.09	1.68	1.56	1.51	13.6
EGP9w0930222	EGP 9.00	Egratown Great Pond	<5	9	3	2	water	Sample	9/30/22	EGP9w093022	4.7	319033	1	450	30.23	33.02	32.09	1.68	1.56	1.51	13.6
EGP9w093022WLW1	EGP 9.00	Egratown Great Pond	WLW	9	3	1	water	Sample	9/30/22	EGP9w093022WLW	2.48	175797	2	450	23.79	30.93	30.69	1	1.28	1.22	13.6
EGP9w093022WLW2	EGP 9.00	Egratown Great Pond	WLW	9	3	2	water	Sample	9/30/22	EGP9w093022WLW	4.14	391671	1	450	23.79	30.93	30.69	1	1.28	1.22	13.6
JAM5w0711221	JAM5	James Pond	<5	7	1	1	water	Sample	7/11/22	JAM5w071122	2.6		2	369	12.2	13.68	11.1	0.77	0.88	0.77	18.91
JAM5w0711222	JAM5	James Pond	<5	7	1	2	water	Sample	7/11/22	JAM5w071122	3.4		1	369	12.2	13.68	11.1	0.77	0.88	0.77	18.91
JAM5w0808221	JAM5	James Pond	<5	8	2	1	water	Sample	8/8/22	JAM5w080822	2.36		2	397	10.36	11.1	10	1.27	1.21	1.05	23.99
JAM5w0808222	JAM5	James Pond	<5	8	2	2	water	Sample	8/8/22	JAM5w080822	3.04		1	397	10.36	11.1	10	1.27	1.21	1.05	23.99
JAM5w080822WLW1	JAM5	James Pond	WLW	8	2	1	water	Sample	8/8/22	JAM5w080822WLW	0.4		2	397	8.34	9.81	6.87	1.1	1.05	1	23.99
JAM5w080822WLW2	JAM5	James Pond	WLW	8	2	2	water	Sample	8/8/22	JAM5w080822WLW	1.01		1	397	8.34	9.81	6.87	1.1	1.05	1	23.99
JAM5w0901221	JAM5	James Pond	<5	9	3	1	water	Sample	9/1/22	JAM5w090122	0.96	388312	1	421	4	3.26	2.89	1.37	1.21	1.37	22.18
JAM5w090122WLW1	JAM5	James Pond	WLW	9	3	1	water	Sample	9/1/22	JAM5w090122WLW	1.4		2	421	3.43	4.18	4.37	1.86	1.75	2.35	22.18
JAM5w090122WLW2	JAM5	James Pond	WLW	9	3	2	water	Sample	9/1/22	JAM5w090122WLW	1.35		1	421	3.43	4.18	4.37	1.86	1.75	2.35	22.18
JAM5w0908221	JAM5	James Pond	<5	9	3	1	water	Sample	9/8/22	JAM5w090822	0.424	112682	1	428	5.5	5.67	6.43	1.43	1.65	1.43	22.7
JAM5w0908222	JAM5	James Pond	<5	9	3	2	water	Sample	9/8/22	JAM5w090822	0.604	108537	2	428	5.5	5.67	6.43	1.43	1.65	1.43	22.7
JAM5w090822WLW1	JAM5	James Pond	WLW	9	3	1	water	Sample	9/8/22	JAM5w090822WLW	0.518	28905	2	428	6.06	5.68	6.43	1.65	1.43	1.81	22.7
JAM5w090822WLW2	JAM5	James Pond	WLW	9	3	2	water	Sample	9/8/22	JAM5w090822WLW	0.38	95586	1	428	6.06	5.68	6.43	1.65	1.43	1.81	22.7
LGP11A070721B	LGP11	Lagoon Pond		7	1		Air	Sample	7/7/21	LGP11A070721	0	6421	2	0							27.97
LGP11A070721C	LGP11	Lagoon Pond		7	1		Air	Sample	7/7/21	LGP11A070721	0	18080	1	0							27.97
LGP11A083121Gen2	LGP11	Lagoon Pond		8	2		Air	Sample	8/31/21	LGP11A083121Gen	0	3424	1	55							
LGP11w0706221	LGP11	Lagoon Pond	<5	7	1	1	water	Sample	7/6/22	LGP11w070622	0.1		2	364							27.97
LGP11w0706222	LGP11	Lagoon Pond	<5	7	1	2	water	Sample	7/6/22	LGP11w070622	0.548		1	364							27.97
LGP11w070622WLW1	LGP11	Lagoon Pond	WLW	7	1	1	water	Sample	7/6/22	LGP11w070622WLW	0		2	364							27.97
LGP11w070622WLW2	LGP11	Lagoon Pond	WLW	7	1	2	water	Sample	7/6/22	LGP11w070622WLW	0		1	364							27.97
LGP11w0804221	LGP11	Lagoon Pond	<5	8	2	1	water	Sample	8/4/22	LGP11w080422	0.388		1	393	9.44	9.26	10	1.49	1.65	1.54	24.82
LGP11w080422WLW1	LGP11	Lagoon Pond	WLW	8	2	1	water	Sample	8/4/22	LGP11w080422WLW	0.4		2	393	9.44	9.26	8.71	1.54	1.43	1.38	24.82
LGP11w080422WLW2	LGP11	Lagoon Pond	WLW	8	2	2	water	Sample	8/4/22	LGP11w080422WLW	0.534		1	393	9.44	9.26	8.71	1.54	1.43	1.38	24.82
LGP11w0818221	LGP11	Lagoon Pond	<5	8	2	1	water	Sample	8/18/22	LGP11w081822	1.42		2	407	1.18	1.75	1.37	0.66	0.6	0.77	26.02
LGP11w0818222	LGP11	Lagoon Pond	<5	8	2	2	water	Sample	8/18/22	LGP11w081822	0.583		1	407	1.18	1.75	1.37	0.66	0.6	0.77	26.02
LGP11w081822WLW1	LGP11	Lagoon Pond	WLW	8	2	1	water	Sample	8/18/22	LGP11w081822WLW	0.352		2	407	3.25	3.43	3.06	0.88	1.1	1.05	26.02
LGP11w081822WLW2	LGP11	Lagoon Pond	WLW	8	2	2	water	Sample	8/18/22	LGP11w081822WLW	0.364		1	407	3.25	3.43	3.06	0.88	1.1	1.05	26.02
LGP2A070721B	LGP2	Lagoon Pond		7	1		Air	Sample	7/7/21	LGP2A070721	0	14313	1	0							
LGP2A070721C	LGP2	Lagoon Pond		7	1		Air	Sample	7/7/21	LGP2A070721	0	3322	2	0							
LGP2A083121Gen2	LGP2	Lagoon Pond		8	2		Air	Sample	8/31/21	LGP2A083121Gen	0	74	1	55							
LGP2w0706221	LGP2	Lagoon Pond	<5	7	1	1	water	Sample	7/6/22	LGP2w070622	0.114		2	364							31.76
LGP2w0706222	LGP2	Lagoon Pond	<5	7	1	2	water	Sample	7/6/22	LGP2w070622	0.22		1	364							31.76
LGP2w070622WLW1	LGP2	Lagoon Pond	WLW	7	1	1	water	Sample	7/6/22	LGP2w070622WLW	0.222		2	364							31.76
LGP2w070622WLW2	LGP2	Lagoon Pond	WLW	7	1	2	water	Sample	7/6/22	LGP2w070622WLW	0		1	364							31.76
LGP2w0804221	LGP2	Lagoon Pond	<5	8	2	1	water	Sample	8/4/22	LGP2w080422	0.39		2	393	3.2	2.65	5.22	0.55	0.6	0.88	31.56
LGP2w0804222	LGP2	Lagoon Pond	<5	8	2	2	water	Sample	8/4/22	LGP2w080422	0.254		1	393	3.2	2.65	5.22	0.55	0.6	0.88	31.56
LGP2w080422WLW1	LGP2	Lagoon Pond	WLW	8	2	1	water	Sample	8/4/22	LGP2w080422WLW	0.286		2	393	5.59	5.95	5.22	1.43	2.2	1.32	31.56
LGP2w080422WLW2	LGP2	Lagoon Pond	WLW	8	2	2	water	Sample	8/4/22	LGP2w080422WLW	0.184		1	393	5.59	5.95	5.22	1.43	2.2	1.32	31.56
LGP2w0818221	LGP2	Lagoon Pond	<5	8	2	1	water	Sample	8/18/22	LGP2w081822	0.734		2	407	3.81	4	4.18	1.05	1.1	1.32	31.52
LGP2w0818222	LGP2	Lagoon Pond	<5	8	2	2	water	Sample	8/18/22	LGP2w081822	0.74		1	407	3.81	4	4.18	1.05	1.1	1.32	31.52
LGP2w081822WLW1	LGP2	Lagoon Pond	WLW	8	2	1	water	Sample	8/18/22	LGP2w081822WLW	0.506		2	407	4	4.37	4	1.54	1.54	1.54	31.52
LGP2w081822WLW2	LGP2	Lagoon Pond	WLW	8	2	2	water	Sample	8/18/22	LGP2w081822WLW	0.34		1	407	4	4.37	4	1.54	1.54	1.54	31.52
LMPA0805221	LMP	Lower Mill Pond		8	2		Air	Sample	8/5/22	LMPA080522	0		1	394							
LMPw0620221	LMP	Lower Mill Pond	<5	6	0	1	water	Sample	6/20/22	LMPw062022	1.45	23971	1	348	3.3	2.67	2.46	0.82	0.64	0.68	
LMPw062022BFC1	LMP	Lower Mill Pond	BFC	6	0	1	water	Sample	6/20/22	LMPw062022BFC	0.198	22600	1	348	26.62	16.44	25.38	0.86	0.73	0.82	
LMPw062022WLW1	LMP	Lower Mill Pond	WLW	6	0	1	water	Sample	6/20/22	LMPw062022WLW	2.62	24125	1	348	6.02	3.3	4.76	0.73	0.73	0.64	
LMPw0705221	LMP	Lower Mill Pond	<5	7	1	1	water	Sample	7/5/22	LMPw070522	1.26	99546	2	363	3.09	3.3	3.93	0.5	0.41	0.55	
LMPw0705222	LMP	Lower Mill Pond	<5	7	1	2	water	Sample	7/5/22	LMPw070522	1.3	12528	3	363	3.09	3.3	3.93	0.5	0.41	0.55	
LMPw0705223	LMP	Lower Mill Pond	<5	7	1	3	water	Sample	7/5/22	LMPw070522	1.39	110200	1	363	3.09	3.3	3.93	0.5	0.41	0.55	
LMPw070522BFC1	LMP	Lower Mill Pond	BFC	7	1	1	water	Sample	7/5/22	LMPw070522BFC	0.192	6641	2	363	47.41	129.74	72.97	0.64	0.73	0.59	
LMPw070522BFC2	LMP	Lower Mill Pond	BFC	7	1	2	water	Sample	7/5/22	LMPw070522BFC	0.248	8835	1	363	47.41	129.74	72.97	0.64	0.73	0.59	
LMPw070522BFC3	LMP	Lower Mill Pond	BFC	7	1	3	water	Sample	7/5/22	LMPw070522BFC	0.168	1012	3	363	47.41	129.74	72.97	0.64	0.73	0.59	
LMPw070522WLW1	LMP	Lower Mill Pond	WLW	7	1	1	water	Sample	7/5/22	LMPw070522WLW	1.65	28266	1	363	7.27	8.11	4.97	0.5	0.5	0.5	
LMPw070522WLW2	LMP	Lower Mill Pond	WLW	7	1	2	water	Sample	7/5/22	LMPw070522WLW	1.9	9662	3	363	7.27	8.11	4.97	0.5	0.5	0.5	
LMPw070522WLW3	LMP	Lower Mill Pond	WLW	7	1	3	water	Sample	7/5/22	LMPw070522WLW	1.58	19933	2	363	7.27	8.11	4.97	0.5	0.5	0.5	
LMPw0720221	LMP	Lower Mill Pond	<5	7	1	1	water	Sample	7/20/22	LMPw072022	0.994	19382	1	378	5.39	4.76	3.72	0.46	0.32	0.37	
LMPw0720222	LMP	Lower Mill Pond	<5	7	1	2	water	Sample	7/20/22	LMPw072022	1.82	1759	3	378	5.39	4.76	3.72	0.46	0.32	0.37	
LMPw0720223	LMP	Lower Mill Pond	<5	7	1	3	water	Sample	7/20/22	LMPw072022	1.8	11370	2	378	5.39	4.76	3.72	0.46	0.32	0.37	
LMPw072022BFC1	LMP	Lower Mill Pond	BFC	7	1	1	water	Sample	7/20/22	LMPw072022BFC	0	2088	1	378	140.97	332.53	54.27	0.64	0.91	0.91	
LMPw072022BFC2	LMP	Lower Mill Pond	BFC	7	1	2	water	Sample	7/20/22	LMPw072022BFC	0	1202	2	378	140.97	332.53	54.27	0.64	0.91	0.91	
LMPw072022BFC3	LMP	Lower Mill Pond	BFC	7	1	3	water	Sample	7/20/22	LMPw072022BFC	0	1080	3	378	140.97	332.53	54.27	0.64	0.91	0.91	
LMPw072022WLW1	LMP	Lower Mill Pond	WLW	7	1	1	water	Sample	7/20/22	LMPw072022WLW	1.9	5558	3	378	12.07	6.65	8.11	0.37	0.32	0.41	
LMPw072022WLW2	LMP	Lower Mill Pond	WLW	7	1	2	water	Sample	7/20/22	LMPw072022WLW	2.08	104333	1	378	12.07	6.65	8.11	0.37	0.32	0.41	
LMPw072022WLW3	LMP	Lower Mill Pond	WLW	7	1	3	water	Sample	7/20/22	LMPw072022WLW	3.06	41618	2	378	12.07	6.65	8.11	0.37	0.32	0.41	
LMPw0726221	LMP	Lower Mill Pond	<5	7	1	1	water	Sample	7/26/22	LMPw072622	1.88	495945	1	384	9.16	8.74	8.74	0.59	0.77	0.46	
LMPw0726222	LMP	Lower Mill Pond	<5	7	1	2	water	Sample	7/26/22	LMPw072622	1.6	2542	2	384	9.16	8.74	8.74	0.59	0.77	0.46	
LMPw0726223	LMP	Lower Mill Pond	<5	7	1	3	water	Sample	7/26/22	LMPw072622	0.464	167	3	384	9.16	8.74	8.74	0.59	0.77	0.46	
LMPw072622BFC1	LMP	Lower Mill Pond	BFC	7	1	1	water	Sample	7/26/22	LMPw072622BFC	0	17287	1	384	298.42	83.78	74.43	1.4	1.76	1.35	
LMPw072622BFC2	LMP	Lower Mill Pond	BFC	7	1	2	water	Sample	7/26/22	LMPw072622BFC	0	943	3	384	298.42	83.78	74.43	1.4	1.76	1.35	
LMPw072622BFC3	LMP	Lower Mill Pond	BFC	7	1	3	water	Sample	7/26/22	LMPw072622BFC	0.124	9294	2	384	298.42	83.78	74.43	1.4	1.76	1.35	
LMPw072622WLW1	LMP	Lower Mill Pond	WLW	7	1	1	water	Sample	7/26/22	LMPw072622WLW	2.5	3834	3	384	13.11	10.83	11.87	0.59	0.59	0.59	
LMPw072622WLW2	LMP	Lower Mill Pond	WLW	7	1	2	water	Sample	7/26/22	LMPw072622WLW	2.94	14552	2	384	13.11	10.83	11.87	0.59	0.59	0.59	
LMPw072622WLW3	LMP	Lower Mill Pond	WLW	7	1	3	water	Sample	7/26/22	LMPw072622WLW	0.892	63365	1	384	13.11	10.83	11.87	0.59	0.59	0.59	
LMPw0801221	LMP	Lower Mill Pond	<5	8	2	1	water	Sample	8/1/22	LMPw080122	2.02	341846	1	390	14.15	17.06	13.11	0.55	0.59	0.55	
LMPw0801222	LMP	Lower Mill Pond	<5	8	2	2	water	Sample	8/1/22	LMPw080122	1.28	1735	3	390	30.57	30.78	32.44	0.64	0.55	0.59	
LMPw0801223	LMP	Lower Mill Pond	<5	8	2	3	water	Sample	8/1/22	LMPw080122	1.39	16984	2	390	14.15	17.06	13.11	0.55	0.59	0.55	
LMPw080122BFC1	LMP	Lower Mill Pond	BFC	8	2	1	water	Sample	8/1/22	LMPw080122BFC	0.752	118850	1	390	2638.65	656.39	2265.95	3.5	3.23	3.05	
LMPw080122BFC2	LMP	Lower Mill Pond	BFC	8	2	2	water	Sample	8/1/22	LMPw080122BFC	0.276	183	3	390	2638.65	656.39	2265.95	3.5	3.23	3.05	
LMPw080122BFC3	LMP	Lower Mill Pond	BFC	8	2	3	water	Sample	8/1/22	LMPw080122BFC	0.222	3089	2	390	2638.65	656.39	2265.95	3.5	3.23	3.05	
LMPw080122WLW1	LMP	Lower Mill Pond	WLW	8	2	1	water	Sample	8/1/22	LMPw080122WLW	3.26	6679	3	390	79.83	83.16	70.48	0.86	0.73	0.59	
LMPw080122WLW2	LMP	Lower Mill Pond	WLW	8	2	2	water	Sample	8/1/22	LMPw080122WLW	2.2	13853	1	390	79.83	83.16	70.48	0.86	0.73	0.59	
LMPw080122WLW3	LMP	Lower Mill Pond	WLW	8	2	3	water	Sample	8/1/22	LMPw080122WLW	1.92	6688	2	390	79.83	83.16	70.48	0.86	0.73	0.59	
LMPW0805221	LMP	Lower Mill Pond		8	2		Water	Sample	8/5/22	LMPW080522	4.82	236440	1	394							
LMPw080522WLW1	LMP	Lower Mill Pond	WLW	8	2	1	Water	Sample	8/5/22	LMPw080522WLW	4.66	356519	1	394	46.58	45.75	48.86	0.73	0.64	2.79	
LMPw0809221	LMP	Lower Mill Pond	<5	8	2	1	water	Sample	8/9/22	LMPw080922	1	278773	1	398	39.51	38.89	40.34	0.82	0.77	0.95	
LMPw0809222	LMP	Lower Mill Pond	<5	8	2	2	water	Sample	8/9/22	LMPw080922	1.93	12600	3	398	39.51	38.89	40.34	0.82	0.77	0.95	
LMPw0809223	LMP	Lower Mill Pond	<5	8	2	3	water	Sample	8/9/22	LMPw080922	1.65	179207	2	398	39.51	38.89	40.34	0.82	0.77	0.95	
LMPw080922BFC1	LMP	Lower Mill Pond	BFC	8	2	1	water	Sample	8/9/22	LMPw080922BFC	0.746	107870	2	398	414.49	145.34	233.74	4.08	2.07	3.59	
LMPw080922BFC2	LMP	Lower Mill Pond	WLW	8	2	2	water	Sample	8/9/22	LMPw080922BFC	0.226	844	1	398	82.33	55.51	62.37	0.91	0.86	0.91	
LMPw080922BFC3	LMP	Lower Mill Pond	BFC	8	2	3	water	Sample	8/9/22	LMPw080922BFC	0.238	6015	3	398	414.49	145.34	233.74	4.08	2.07	3.59	
LMPw080922WLW1	LMP	Lower Mill Pond	WLW	8	2	1	water	Sample	8/9/22	LMPw080922WLW			1	398	82.33	55.51	62.37	0.91	0.86	0.91	
LMPw080922WLW2	LMP	Lower Mill Pond	WLW	8	2	2	water	Sample	8/9/22	LMPw080922WLW	3.72	35952	2	398	82.33	55.51	62.37	0.91	0.86	0.91	
LMPw080922WLW3	LMP	Lower Mill Pond	WLW	8	2	3	water	Sample	8/9/22	LMPw080922WLW	1.47	3626	3	398	82.33	55.51	62.37	0.91	0.86	0.91	
LMPw0816221	LMP	Lower Mill Pond	<5	8	2	1	water	Sample	8/16/22	LMPw081622	1.46	38596	3	405	19.35	19.14	19.76	1.17	1.17	1.22	
LMPw0816222	LMP	Lower Mill Pond	<5	8	2	2	water	Sample	8/16/22	LMPw081622	2.56	162297	2	405	19.35	19.14	19.76	1.17	1.17	1.22	
LMPw0816223	LMP	Lower Mill Pond	<5	8	2	3	water	Sample	8/16/22	LMPw081622	1.64	169784	1	405	19.35	19.14	19.76	1.17	1.17	1.22	
LMPw081622BFC1	LMP	Lower Mill Pond	BFC	8	2	1	water	Sample	8/16/22	LMPw081622BFC	0.416	5957	3	405	528.68	226.25	174.46	3.64	2.83	2.7	
LMPw081622BFC2	LMP	Lower Mill Pond	BFC	8	2	2	water	Sample	8/16/22	LMPw081622BFC	0.416	17966	2	405	528.68	226.25	174.46	3.64	2.83	2.7	
LMPw081622BFC3	LMP	Lower Mill Pond	BFC	8	2	3	water	Sample	8/16/22	LMPw081622BFC	0.31	71360	1	405	528.68	226.25	174.46	3.64	2.83	2.7	
LMPw081622WLW1	LMP	Lower Mill Pond	WLW	8	2	1	water	Sample	8/16/22	LMPw081622WLW	2.74	3956	3	405	71.1	82.74	53.23	1.26	1.49	1.17	
LMPw081622WLW2	LMP	Lower Mill Pond	WLW	8	2	2	water	Sample	8/16/22	LMPw081622WLW	1.88	24209	2	405	71.1	82.74	53.23	1.26	1.49	1.17	
LMPw081622WLW3	LMP	Lower Mill Pond	WLW	8	2	3	water	Sample	8/16/22	LMPw081622WLW	2.5	52325	1	405	71.1	82.74	53.23	1.26	1.49	1.17	
LMPw0823221	LMP	Lower Mill Pond	<5	8	2	1	water	Sample	8/23/22	LMPw082322	1.32	8152	3	412	16.02	16.02	17.48	0.7	0.68	0.64	
LMPw0823222	LMP	Lower Mill Pond	<5	8	2	2	water	Sample	8/23/22	LMPw082322	1.74	14601	2	412	16.02	16.02	17.48	0.7	0.68	0.64	
LMPw0823223	LMP	Lower Mill Pond	<5	8	2	3	water	Sample	8/23/22	LMPw082322	0.974	27148	1	412	16.02	16.02	17.48	0.7	0.68	0.64	
LMPw082322BFC1	LMP	Lower Mill Pond	BFC	8	2	1	water	Sample	8/23/22	LMPw082322BFC	0.436	1462	3	412	64.66	82.54	49.49	0.95	0.82	0.82	
LMPw082322BFC2	LMP	Lower Mill Pond	BFC	8	2	2	water	Sample	8/23/22	LMPw082322BFC	0.34	1622	2	412	64.66	82.54	49.49	0.95	0.82	0.82	
LMPw082322BFC3	LMP	Lower Mill Pond	BFC	8	2	3	water	Sample	8/23/22	LMPw082322BFC	0.222	7194	1	412	64.66	82.54	49.49	0.95	0.82	0.82	
LMPw082322WLW1	LMP	Lower Mill Pond	WLW	8	2	1	water	Sample	8/23/22	LMPw082322WLW	2.74	207286	1	412	46.99	45.95	60.92	0.55	0.46	0.55	
LMPw082322WLW2	LMP	Lower Mill Pond	WLW	8	2	2	water	Sample	8/23/22	LMPw082322WLW	1.95	52715	2	412	46.99	45.95	60.92	0.55	0.46	0.55	
LMPw082322WLW3	LMP	Lower Mill Pond	WLW	8	2	3	water	Sample	8/23/22	LMPw082322WLW	2.14	5280	3	412	46.99	45.95	60.92	0.55	0.46	0.55	
LMPw0830221	LMP	Lower Mill Pond	<5	8	2	1	water	Sample	8/30/22	LMPw083022	1.17	6157	3	419	9.16	11.03	7.9	0.64	0.86	0.41	
LMPw0830222	LMP	Lower Mill Pond	<5	8	2	2	water	Sample	8/30/22	LMPw083022	0.912	35642	2	419	9.16	11.03	7.9	0.64	0.86	0.41	
LMPw0830223	LMP	Lower Mill Pond	<5	8	2	3	water	Sample	8/30/22	LMPw083022	1.71	182313	1	419	9.16	11.03	7.9	0.64	0.86	0.41	
LMPw083022BFC1	LMP	Lower Mill Pond	BFC	8	2	1	water	Sample	8/30/22	LMPw083022BFC	0.346	649	3	419	43.87	84.2	46.78	1.44	0.95	0.77	
LMPw083022BFC2	LMP	Lower Mill Pond	BFC	8	2	2	water	Sample	8/30/22	LMPw083022BFC	0.234	14104	1	419	43.87	84.2	46.78	1.44	0.95	0.77	
LMPw083022BFC3	LMP	Lower Mill Pond	BFC	8	2	3	water	Sample	8/30/22	LMPw083022BFC	0.398	9948	2	419	43.87	84.2	46.78	1.44	0.95	0.77	
LMPw083022WLW1	LMP	Lower Mill Pond	WLW	8	2	1	water	Sample	8/30/22	LMPw083022WLW	1.43	3672	3	419	16.85	16.02	26	0.37	0.59	0.86	
LMPw083022WLW2	LMP	Lower Mill Pond	WLW	8	2	2	water	Sample	8/30/22	LMPw083022WLW	1.44	24277	2	419	16.85	16.02	26	0.37	0.59	0.86	
LMPw083022WLW3	LMP	Lower Mill Pond	WLW	8	2	3	water	Sample	8/30/22	LMPw083022WLW	1.83	965000	1	419	16.85	16.02	26	0.37	0.59	0.86	
LMPw0909221	LMP	Lower Mill Pond	<5	9	3	1	water	Sample	9/9/22	LMPw090922	1.95	18616	2	429	22.47	23.92	20.6	0.23	0.28	0.23	
LMPw0909222	LMP	Lower Mill Pond	<5	9	3	2	water	Sample	9/9/22	LMPw090922	2.7	211050	1	429	22.47	23.92	20.6	0.23	0.28	0.23	
LMPw0909223	LMP	Lower Mill Pond	<5	9	3	3	water	Sample	9/9/22	LMPw090922	1.86	5872	3	429	22.47	23.92	20.6	0.23	0.28	0.23	
LMPw090922BFC1	LMP	Lower Mill Pond	BFC	9	3	1	water	Sample	9/9/22	LMPw090922BFC	0.282	26634	2	429	2018.46	430.5	233.53	1.31	0.55	0.64	
LMPw090922BFC2	LMP	Lower Mill Pond	BFC	9	3	2	water	Sample	9/9/22	LMPw090922BFC	0.222	24384	3	429	2018.46	430.5	233.53	1.31	0.55	0.64	
LMPw090922BFC3	LMP	Lower Mill Pond	BFC	9	3	3	water	Sample	9/9/22	LMPw090922BFC	0.178		1	429	2018.46	430.5	233.53	1.31	0.55	0.64	
LMPw090922WLW1	LMP	Lower Mill Pond	WLW	9	3	1	water	Sample	9/9/22	LMPw090922WLW	3.38	8195	3	429	123.08	113.72	120.59	0.59	0.64	0.64	
LMPw090922WLW2	LMP	Lower Mill Pond	WLW	9	3	2	water	Sample	9/9/22	LMPw090922WLW	2.14	25300	2	429	123.08	113.72	120.59	0.59	0.64	0.64	
LMPw090922WLW3	LMP	Lower Mill Pond	WLW	9	3	3	water	Sample	9/9/22	LMPw090922WLW	3.62	31670	1	429	123.08	113.72	120.59	0.59	0.64	0.64	
LMPw0913221	LMP	Lower Mill Pond	<5	9	3	1	water	Sample	9/13/22	LMPw091322	1.01	152309	1	433	11.03	11.24	9.37	0.23	0.23	0.14	
LMPw0913222	LMP	Lower Mill Pond	<5	9	3	2	water	Sample	9/13/22	LMPw091322	0.772	137817	2	433	11.03	11.24	9.37	0.23	0.23	0.14	
LMPw0913223	LMP	Lower Mill Pond	<5	9	3	3	water	Sample	9/13/22	LMPw091322	4.02	63768	3	433	11.03	11.24	9.37	0.23	0.23	0.14	
LMPw091322BFC1	LMP	Lower Mill Pond	BFC	9	3	1	water	Sample	9/13/22	LMPw091322BFC	0.25	93246	2	433	206.49	198.17	185.27	1.26	1.13	1.13	
LMPw091322BFC2	LMP	Lower Mill Pond	BFC	9	3	2	water	Sample	9/13/22	LMPw091322BFC	0.178	130548	1	433	206.49	198.17	185.27	1.26	1.13	1.13	
LMPw091322BFC3	LMP	Lower Mill Pond	BFC	9	3	3	water	Sample	9/13/22	LMPw091322BFC	0.13	3975	3	433	206.49	198.17	185.27	1.26	1.13	1.13	
LMPw091322WLW1	LMP	Lower Mill Pond	WLW	9	3	1	water	Sample	9/13/22	LMPw091322WLW	1.01	11615	3	433	73.35	72.35	63.62	0.5	0.5	0.68	
LMPw091322WLW2	LMP	Lower Mill Pond	WLW	9	3	2	water	Sample	9/13/22	LMPw091322WLW	3.8	386904	1	433	73.35	72.35	63.62	0.5	0.5	0.68	
LMPw091322WLW3	LMP	Lower Mill Pond	WLW	9	3	3	water	Sample	9/13/22	LMPw091322WLW	2.04	296264	2	433	73.35	72.35	63.62	0.5	0.5	0.68	
LMPw0916221	LMP	Lower Mill Pond	<5	9	3	1	water	Sample	9/16/22	LMPw091622	1.06	3825	3	436	26.21	18.31	21.22	0.73	0.68	0.68	
LMPw0916222	LMP	Lower Mill Pond	<5	9	3	2	water	Sample	9/16/22	LMPw091622	0.58	35878	1	436	26.21	18.31	21.22	0.73	0.68	0.68	
LMPw0916223	LMP	Lower Mill Pond	<5	9	3	3	water	Sample	9/16/22	LMPw091622	0.758	30427	2	436	26.21	18.31	21.22	0.73	0.68	0.68	
LMPw091622BFC1	LMP	Lower Mill Pond	BFC	9	3	1	water	Sample	9/16/22	LMPw091622BFC	0.742	53804	2	436	332.95	187.15	179.03	1.35	1.53	1.76	
LMPw091622BFC2	LMP	Lower Mill Pond	BFC	9	3	2	water	Sample	9/16/22	LMPw091622BFC	0.228	63221	1	436	332.95	187.15	179.03	1.35	1.53	1.76	
LMPw091622BFC3	LMP	Lower Mill Pond	BFC	9	3	3	water	Sample	9/16/22	LMPw091622BFC	0.402	18003	3	436	332.95	187.15	179.03	1.35	1.53	1.76	
LMPw091622WLW1	LMP	Lower Mill Pond	WLW	9	3	1	water	Sample	9/16/22	LMPw091622WLW	1.84	125315	1	436	111.85	117.26	116.63	1.04	0.95	0.95	
LMPw091622WLW2	LMP	Lower Mill Pond	WLW	9	3	2	water	Sample	9/16/22	LMPw091622WLW	1.45	68102	2	436	111.85	117.26	116.63	1.04	0.95	0.95	
LMPw091622WLW3	LMP	Lower Mill Pond	WLW	9	3	3	water	Sample	9/16/22	LMPw091622WLW	1.62	21271	3	436	111.85	117.26	116.63	1.04	0.95	0.95	
LMPw0920221	LMP	Lower Mill Pond	<5	9	3	1	water	Sample	9/20/22	LMPw092022	2.5	244516	1	440	22.26	29.33	18.1	0.77	0.68	0.59	
LMPw0920222	LMP	Lower Mill Pond	<5	9	3	2	water	Sample	9/20/22	LMPw092022	1.02	61281	2	440	22.26	29.33	18.1	0.77	0.68	0.59	
LMPw0920223	LMP	Lower Mill Pond	<5	9	3	3	water	Sample	9/20/22	LMPw092022	0.872	30139	3	440	22.26	29.33	18.1	0.77	0.68	0.59	
LMPw092022BFC1	LMP	Lower Mill Pond	BFC	9	3	1	water	Sample	9/20/22	LMPw092022BFC	0.502	2196	3	440	191.51	149.08	809.05	1.44	1.49	1.76	
LMPw092022BFC2	LMP	Lower Mill Pond	BFC	9	3	2	water	Sample	9/20/22	LMPw092022BFC	0.298	4668	2	440	191.51	149.08	809.05	1.44	1.49	1.76	
LMPw092022BFC3	LMP	Lower Mill Pond	BFC	9	3	3	water	Sample	9/20/22	LMPw092022BFC	0.28	40754	1	440	191.51	149.08	809.05	1.44	1.49	1.76	
LMPw092022WLW1	LMP	Lower Mill Pond	WLW	9	3	1	water	Sample	9/20/22	LMPw092022WLW	1.37	11836	3	440	139.1	162.19	126.62	0.95	1.22	0.73	
LMPw092022WLW2	LMP	Lower Mill Pond	WLW	9	3	2	water	Sample	9/20/22	LMPw092022WLW	1.61	17881	2	440	139.1	162.19	126.62	0.95	1.22	0.73	
LMPw092022WLW3	LMP	Lower Mill Pond	WLW	9	3	3	water	Sample	9/20/22	LMPw092022WLW	1.37	106456	1	440	139.1	162.19	126.62	0.95	1.22	0.73	
LMPw0927221	LMP	Lower Mill Pond	<5	9	3	1	water	Sample	9/27/22	LMPw092722	1.67	39490	2	447	21.63	23.92	24.13	0.68	0.68	0.73	
LMPw0927222	LMP	Lower Mill Pond	<5	9	3	2	water	Sample	9/27/22	LMPw092722	1.66	7651	3	447	21.63	23.92	24.13	0.68	0.68	0.73	
LMPw0927223	LMP	Lower Mill Pond	<5	9	3	3	water	Sample	9/27/22	LMPw092722	1.69	133823	1	447	21.63	23.92	24.13	0.68	0.68	0.73	
LMPw092722BFC1	LMP	Lower Mill Pond	BFC	9	3	1	water	Sample	9/27/22	LMPw092722BFC	0.102	4988	3	447	228.12	401.59	218.55	1.9	2.38	1.89	
LMPw092722BFC2	LMP	Lower Mill Pond	BFC	9	3	2	water	Sample	9/27/22	LMPw092722BFC	0.232	14342	2	447	228.12	401.59	218.55	1.9	2.38	1.89	
LMPw092722BFC3	LMP	Lower Mill Pond	BFC	9	3	3	water	Sample	9/27/22	LMPw092722BFC	0.184	153589	1	447	228.12	401.59	218.55	1.9	2.38	1.89	
LMPw092722WLW1	LMP	Lower Mill Pond	WLW	9	3	1	water	Sample	9/27/22	LMPw092722WLW	2.1	33968	3	447	36.6	73.6	71.52	0.77	0.68	0.68	
LMPw092722WLW2	LMP	Lower Mill Pond	WLW	9	3	2	water	Sample	9/27/22	LMPw092722WLW	1.63	37702	2	447	36.6	73.6	71.52	0.77	0.68	0.68	
LMPw092722WLW3	LMP	Lower Mill Pond	WLW	9	3	3	water	Sample	9/27/22	LMPw092722WLW	2.3	114538	1	447	36.6	73.6	71.52	0.77	0.68	0.68	
LMPw1013221	LMP	Lower Mill Pond	<5	10	4	1	water	Sample	10/13/22	LMPw101322	1.58	326683	2	463	10	8.95	11.66	0.23	0.19	0.23	
LMPw1013222	LMP	Lower Mill Pond	<5	10	4	2	water	Sample	10/13/22	LMPw101322	1.44	431465	1	463	10	8.95	11.66	0.23	0.19	0.23	
LMPw1013223	LMP	Lower Mill Pond	<5	10	4	3	water	Sample	10/13/22	LMPw101322	1.01	301876	3	463	10	8.95	11.66	0.23	0.19	0.23	
LMPw101322BFC1	LMP	Lower Mill Pond	BFC	10	4	1	water	Sample	10/13/22	LMPw101322BFC	0.106	261935	1	463	127	783.47	103.74	0.03	0.77	0.41	
LMPw101322BFC2	LMP	Lower Mill Pond	BFC	10	4	2	water	Sample	10/13/22	LMPw101322BFC	0.152	192384	2	463	127	783.47	103.74	0.03	0.77	0.41	
LMPw101322BFC3	LMP	Lower Mill Pond	BFC	10	4	3	water	Sample	10/13/22	LMPw101322BFC	0	64312	3	463	127	783.47	103.74	0.03	0.77	0.41	
LMPw101322WLW1	LMP	Lower Mill Pond	WLW	10	4	1	water	Sample	10/13/22	LMPw101322WLW	1.4	259406	2	463	35.15	24.54	35.98	0.19	0.23	0.19	
LMPw101322WLW2	LMP	Lower Mill Pond	WLW	10	4	2	water	Sample	10/13/22	LMPw101322WLW	1.31	119063	3	463	35.15	24.54	35.98	0.19	0.23	0.19	
LMPw101322WLW3	LMP	Lower Mill Pond	WLW	10	4	3	water	Sample	10/13/22	LMPw101322WLW	0.774	850534	1	463	35.15	24.54	35.98	0.19	0.23	0.19	
SKT4w0804221	SKT4	Seng Konkaton	<5	8	2	1	water	Sample	8/4/22	SKT4w080422	0.53		2	393	8.16	7.79	7.97	2.15	2.26	2.26	30.58
SKT4w0804222	SKT4	Seng Konkaton	<5	8	2	2	water	Sample	8/4/22	SKT4w080422	0.42		1	393	8.16	7.79	7.97	2.15	2.26	2.26	30.58
SKT4w080422WLW1	SKT4	Seng Konkaton	WLW	8	2	1	water	Sample	8/4/22	SKT4w080422WLW	0.546		2	393	8.34	8.53	7.61	2.42	2.37	2.15	30.58
SKT4w080422WLW2	SKT4	Seng Konkaton	WLW	8	2	2	water	Sample	8/4/22	SKT4w080422WLW	0.356		1	393	8.34	8.53	7.61	2.42	2.37	2.15	30.58
SKT4w0817221	SKT4	Seng Konkaton	<5	8	2	1	water	Sample	8/17/22	SKT4w081722	0.72		2	406	1	1.37	1	1	0.83	0.78	30.84
SKT4w0817222	SKT4	Seng Konkaton	<5	8	2	2	water	Sample	8/17/22	SKT4w081722	0.238		1	406	1	1.37	1	1	0.83	0.78	30.84
SKT4w081722WLW1	SKT4	Seng Konkaton	WLW	8	2	1	water	Sample	8/17/22	SKT4w081722WLW	0.364		2	406	2.68	1.98	2.12	0.71	0.77	1.05	30.84
SKT4w081722WLW2	SKT4	Seng Konkaton	WLW	8	2	2	water	Sample	8/17/22	SKT4w081722WLW	0.202		1	406	2.68	1.98	2.12	0.71	0.77	1.05	30.84
SKT4w0907221	SKT4	Seng Konkaton	<5	9	3	1	water	Sample	9/7/22	SKT4w090722	0.558	2976	1	427							25.9
SKT4w090722WLW1	SKT4	Seng Konkaton	WLW	9	3	1	water	Sample	9/7/22	SKT4w090722WLW	0.658	302678	1	427							25.9
SKT4w090722WLW2	SKT4	Seng Konkaton	WLW	9	3	2	water	Sample	9/7/22	SKT4w090722WLW	0.712	117344	2	427							25.9
SKT8w0804221	SKT8	Seng Konkaton	<5	8	2	1	water	Sample	8/4/22	SKT8w080422	0.582		1	393	7.97	8.16	8.23	1.27	1.27	1.27	31.6
SKT8w080422WLW1	SKT8	Seng Konkaton	WLW	8	2	1	water	Sample	8/4/22	SKT8w080422WLW	0.874		2	393	5.4	7.05	6.14	1.1	1.32	1.16	31.6
SKT8w080422WLW2	SKT8	Seng Konkaton	WLW	8	2	2	water	Sample	8/4/22	SKT8w080422WLW	0.838		1	393	5.4	7.05	6.14	1.1	1.32	1.16	31.76
SKT8w0817221	SKT8	Seng Konkaton	<5	8	2	1	water	Sample	8/17/22	SKT8w081722	0.426		2	406	1	0.56	0.52	0.55	0.83	0.77	31.76
SKT8w0817222	SKT8	Seng Konkaton	<5	8	2	2	water	Sample	8/17/22	SKT8w081722	0.268		1	406	1	0.56	0.52	0.55	0.83	0.77	31.76
SKT8w081722WLW1	SKT8	Seng Konkaton	WLW	8	2	1	water	Sample	8/17/22	SKT8w081722WLW	0.516		2	406	1.37	1	0.65	0.6	0.55	0.6	31.76
SKT8w081722WLW2	SKT8	Seng Konkaton	WLW	8	2	2	water	Sample	8/17/22	SKT8w081722WLW	1.68		1	406	1.37	1	0.65	0.6	0.55	0.6	31.3
SKT8w0907221	SKT8	Seng Konkaton	<5	9	3	1	water	Sample	9/7/22	SKT8w090722	0.152	2343	1	427							31.3
SKT8w090722WLW1	SKT8	Seng Konkaton	WLW	9	3	1	water	Sample	9/7/22	SKT8w090722WLW	0.236	32872	1	427							31.3
SKT8w090722WLW2	SKT8	Seng Konkaton	WLW	9	3	2	water	Sample	9/7/22	SKT8w090722WLW	0.202	624	2	427							31.3
SKT9w0707221	SKT9	Seng Konkaton	<5	7	1	1	water	Sample	7/7/22	SKT9w070722	0.148		1	365							29.83
SKT9w070722WLW1	SKT9	Seng Konkaton	WLW	7	1	1	water	Sample	7/7/22	SKT9w070722WLW	0		1	365							29.83
SKT9w0804221	SKT9	Seng Konkaton	<5	8	2	1	water	Sample	8/4/22	SKT9w080422	0.264		2	393	8.71	9.08	9.08	1.32	1.49	1.6	31.13
SKT9w0804222	SKT9	Seng Konkaton	<5	8	2	2	water	Sample	8/4/22	SKT9w080422	0.218		1	393	8.71	9.08	9.08	1.32	1.49	1.6	31.13
SKT9w080422WLW1	SKT9	Seng Konkaton	WLW	8	2	1	water	Sample	8/4/22	SKT9w080422WLW	0.524		2	393	8.16	7.79	7.79	1.38	1.32	1.27	31.13
SKT9w080422WLW2	SKT9	Seng Konkaton	WLW	8	2	2	water	Sample	8/4/22	SKT9w080422WLW	0		1	393	8.16	7.79	7.79	1.38	1.32	1.27	31.13
SKT9w0817221	SKT9	Seng Konkaton	<5	8	2	1	water	Sample	8/17/22	SKT9w081722	0.508		2	406	0.1	0	0.1	0.38	0.43	0.77	30.99
SKT9w0817222	SKT9	Seng Konkaton	<5	8	2	2	water	Sample	8/17/22	SKT9w081722	0.378		1	406	0.1	0	0.1	0.38	0.43	0.77	30.99
SKT9w081722WLW1	SKT9	Seng Konkaton	WLW	8	2	1	water	Sample	8/17/22	SKT9w081722WLW	0.156		2	406	1	0.77	0.77	0.83	0.49	0.55	30.99
SKT9w081722WLW2	SKT9	Seng Konkaton	WLW	8	2	2	water	Sample	8/17/22	SKT9w081722WLW	0.162		1	406	1	0.77	0.77	0.83	0.49	0.55	30.99
SKT9w0907221	SKT9	Seng Konkaton	<5	9	3	1	water	Sample	9/7/22	SKT9w090722	0.272	14058	2	427							30.69
SKT9w0907222	SKT9	Seng Konkaton	<5	9	3	2	water	Sample	9/7/22	SKT9w090722	0.178	31647	1	427							30.69
SKT9w090722WLW1	SKT9	Seng Konkaton	WLW	9	3	1	water	Sample	9/7/22	SKT9w090722WLW	0.332	239832	1	427							30.69
SKT9w090722WLW2	SKT9	Seng Konkaton	WLW	9	3	2	water	Sample	9/7/22	SKT9w090722WLW	0.136	16874	2	427							30.69
TGP1A070721B	TGP1	Tisberry Great Pond		7	1		Air	Sample	7/7/21	TGP1A070721	0	1102	2	0							
TGP1A070721C	TGP1	Tisberry Great Pond		7	1		Air	Sample	7/21/21	TGP1A070721	0	7031	1	0							
TGP1A072121A	TGP1	Tisberry Great Pond		7	1		Air	Sample	7/21/21	TGP1A072121	0	1682	1	0							
TGP1A083122Gen2	TGP1	Tisberry Great Pond		8	2		Air	Sample	8/31/22	TGP1A083122Gen	0	30467	1	406							
TGP1w0829221	TGP1	Tisberry Great Pond	<5	8	2	1	water	Sample	8/29/22	TGP1w082922	2.04		2	418	31.45	32.4	31.64	1.7	2.08	1.86	15.7
TGP1w0829222	TGP1	Tisberry Great Pond	<5	8	2	2	water	Sample	8/29/22	TGP1w082922	1.6		1	418	31.45	32.4	31.64	1.7	2.08	1.86	15.7
TGP1w082922WLW1	TGP1	Tisberry Great Pond	WLW	8	2	1	water	Sample	8/29/22	TGP1w082922WLW	2.62		2	418	38.48	30.31	39.24	1.75	1.81	1.92	15.7
TGP1w082922WLW2	TGP1	Tisberry Great Pond	WLW	8	2	2	water	Sample	8/29/22	TGP1w082922WLW	2.56		1	418							15.7
TGP7A070721B	TGP7	Tisberry Great Pond		7	1		Air	Sample	0707/2021	TGP7A070721	0	2387	2								
TGP7A070721C	TGP7	Tisberry Great Pond		7	1		Air	Sample	07/072021	TGP7A070721	0	28435	1								
TGP7A072121A	TGP7	Tisberry Great Pond		7	1		Air	Sample	7/21/21	TGP7A072121	0	7636	1	0							
TGP7w0829221	TGP7	Tisberry Great Pond	<5	8	2	1	water	Sample	8/29/22	TGP7w082922	2.1		2	404	30.12	29.93	30.31	1.75	1.92	1.51	17.26
TGP7w0829222	TGP7	Tisberry Great Pond	<5	8	2	2	water	Sample	8/29/22	TGP7w082922	1.17		1	404	30.12	29.93	30.31	1.75	1.92	1.51	17.26
TGP7w082922WLW1	TGP7	Tisberry Great Pond	WLW	8	2	1	water	Sample	8/29/22	TGP7w082922WLW	1.8		2	404	34.68	34.49	33.92	2.08	2.03	2.24	17.26
TGP7w082922WLW2	TGP7	Tisberry Great Pond	WLW	8	2	2	water	Sample	8/29/22	TGP7w082922WLW	1.46		1	404	34.68	34.49	33.92	2.08	2.03	2.24	17.26
TGP7w0913221	TGP7	Tisberry Great Pond	<5	9	3	1	water	Sample	9/13/22	TGP7w091322	5.46	137055	1	419	19.3	20.82	21.39	1.16	1.32	1.48	15.66
TGP7w091322WLW1	TGP7	Tisberry Great Pond	WLW	9	3	1	water	Sample	9/13/22	TGP7w091322WLW	3.66	298498	1	419	19.87	19.87	24.24	1.54	1.65	2.24	15.66
THKA0805221	TK	Tahoe Keys		8	2		Air	Sample	8/5/22	THKA080522	0	1956	1	25							
THPA0805221	TP	Tahoe Pier		8	2		Air	Sample	8/5/22	THPA080522	0	233	1	25							
THPw080522WLW1	TP	Tahoe Pier	WLW	8	2	1	Water	Sample	8/5/22	THPw080522WLW	2.96	253788	1	25							
TSHCulw0711221	TSHCul	Tashmoo Culvert	<5	7	1	1	water	Sample	7/11/22	TSHCulw071122	0.26		2	0	2.12	1.75	2.31	0.66	0.71	0.71	31.45
TSHCulw0711222	TSHCul	Tashmoo Culvert	<5	7	1	2	water	Sample	7/11/22	TSHCulw071122			1	0	2.12	1.75	2.31	0.66	0.71	0.71	31.45
TSHCulw071122WLW1)_PO	TSHCul	Tashmoo Culvert	WLW	7	1	1	water	Sample	7/11/22	TSHCulw071122WLW1)_P	0.34		1	0	2.31	1.93	2.68	0.94	1	1.1	31.45
TSHCulw071122WLW2	TSHCul	Tashmoo Culvert	WLW	7	1	2	water	Sample	7/11/22	TSHCulw071122WLW	0.342		1	0	2.31	1.93	2.68	0.94	1	1.1	31.45
TSHCulw0807221	TSHCul	Tashmoo Culvert	<5	8	2	1	water	Sample	8/7/22	TSHCulw080722	0.64		2	27	3.75	3.57	3.93	0.88	0.88	1.49	31.45
TSHCulw0807222	TSHCul	Tashmoo Culvert	<5	8	2	2	water	Sample	8/7/22	TSHCulw080722	0.562		1	27	3.75	3.57	3.93	0.88	0.88	1.49	30.48
TSHCulw080722WLW1	TSHCul	Tashmoo Culvert	WLW	8	2	1	water	Sample	8/7/22	TSHCulw080722WLW	0.806		1	27	3.75	4.48	3.02	1.32	1.6	0.49	30.48
TSHCulw080722WLW2	TSHCul	Tashmoo Culvert	WLW	8	2	2	water	Sample	8/7/22	TSHCulw080722WLW	0.33	5625	2	27	3.75	4.48	3.02	1.32	1.6	0.49	30.48
TSHCulw0821221	TSHCul	Tashmoo Culvert	<5	8	2	1	water	Sample	8/21/22	TSHCulw082122	0.47		2	41	4.56	4.93	5.12	0.94	0.83	0.88	30.48
TSHCulw0821222	TSHCul	Tashmoo Culvert	<5	8	2	2	water	Sample	8/21/22	TSHCulw082122	0.292		1	41	4.56	4.93	5.12	0.94	0.83	0.88	31.15
TSHCulw082122WLW1	TSHCul	Tashmoo Culvert	WLW	8	2	1	water	Sample	8/21/22	TSHCulw082122WLW	0.344		2	41	5.43	5.68	5.16	1.1	1	0.88	31.15
TSHCulw082122WLW2	TSHCul	Tashmoo Culvert	WLW	8	2	2	water	Sample	8/21/22	TSHCulw082122WLW	0.372		1	41	5.43	5.68	5.16	1.1	1	0.88	31.15
TSHCulw0824221	TSHCul	Tashmoo Culvert	<5	8	2	1	water	Sample	8/24/22	TSHCulw082422	0.164		1	44	2.87	2.5	2.31	0.88	0.83	1	31.3
TSHCulw0824222	TSHCul	Tashmoo Culvert	<5	8	2	2	water	Sample	8/24/22	TSHCulw082422	0.28	16376	2	44	2.87	2.5	2.31	0.88	0.83	1	31.3
TSHCulw082422WLW1	TSHCul	Tashmoo Culvert	WLW	8	2	1	water	Sample	8/24/22	TSHCulw082422WLW	0.166		1	44	1.56	1.93	1.75	1.54	0.66	0.6	31.3
TSHCulw082422WLW2	TSHCul	Tashmoo Culvert	WLW	8	2	2	water	Sample	8/24/22	TSHCulw082422WLW	0.194	4469	2	44	1.56	1.93	1.75	1.54	0.66	0.6	31.3
TSHCulw0908221	TSHCul	Tashmoo Culvert	<5	9	3	1	water	Sample	9/8/22	TSHCulw090822	0	48723	1	59	8.12	7.18	8.12	1.43	1.27	1.37	24.7
TSHCulw0908222	TSHCul	Tashmoo Culvert	<5	9	3	2	water	Sample	9/8/22	TSHCulw090822	0.178	8275	2	59	8.12	7.18	8.12	1.43	1.27	1.37	24.7
TSHCulw090822WLW1	TSHCul	Tashmoo Culvert	WLW	9	3	1	water	Sample	9/8/22	TSHCulw090822WLW	0.154	104933	1	59	8.31	7.75	7.93	1.54	1.48	1.7	24.7
TSHCulw090822WLW2	TSHCul	Tashmoo Culvert	WLW	9	3	2	water	Sample	9/8/22	TSHCulw090822WLW	0	34932	2	59	8.31	7.75	7.93	1.54	1.48	1.7	24.7
TSHSenw0711221	TSHSen	Tashmoo Sentinel	<5	7	1	1	water	Sample	7/11/22	TSHSenw071122	0.302	31357	2	0	2.12	1.93	1.55	0.6	0.55	0.6	31.45
TSHSenw0711222	TSHSen	Tashmoo Sentinel	<5	7	1	2	water	Sample	7/11/22	TSHSenw071122	0	65781	1	0	2.12	1.93	1.55	0.6	0.55	0.6	31.45
TSHSenw071122WLW1	TSHSen	Tashmoo Sentinel	WLW	7	1	1	water	Sample	7/11/22	TSHSenw071122WLW	0.716	63798	1	0	1.75	1.93	1.93	0.55	0.66	0.88	31.45
TSHSenw071122WLW2	TSHSen	Tashmoo Sentinel	WLW	7	1	2	water	Sample	7/11/22	TSHSenw071122WLW	0.13	20206	2	0	1.75	1.93	1.93	0.55	0.66	0.88	31.45
TSHSenw0807221	TSHSen	Tashmoo Sentinel	<5	8	2	1	water	Sample	8/7/22	TSHSenw080722	0.432	64736	2	27	4.3	4.67	7.24	1.71	0.83	0.83	31.68
TSHSenw0807222	TSHSen	Tashmoo Sentinel	<5	8	2	2	water	Sample	8/7/22	TSHSenw080722	0.152	729381	1	27	4.3	4.67	7.24	1.71	0.83	0.83	31.68
TSHSenw080722WLW1	TSHSen	Tashmoo Sentinel	WLW	8	2	1	water	Sample	8/7/22	TSHSenw080722WLW	0.138	55447	1	27	3.93	3.57	3.75	0.88	1	1.54	31.68
TSHSenw080722WLW2	TSHSen	Tashmoo Sentinel	WLW	8	2	2	water	Sample	8/7/22	TSHSenw080722WLW	0.126	3290	2	27	3.93	3.57	3.75	0.88	1	1.54	31.68
TSHSenw0821221	TSHSen	Tashmoo Sentinel	<5	8	2	1	water	Sample	8/21/22	TSHSenw082122	1.03	313134	2	41	4.93	4.93	5.31	1.37	1.16	1	31.48
TSHSenw0821222	TSHSen	Tashmoo Sentinel	<5	8	2	2	water	Sample	8/21/22	TSHSenw082122	0.184		1	41	4.93	4.93	5.31	1.37	1.16	1	31.48
TSHSenw082122WLW1	TSHSen	Tashmoo Sentinel	WLW	8	2	1	water	Sample	8/21/22	TSHSenw082122WLW	0		1	0	3.81	3.81	4.18	1.16	1.06	1.16	31.48
TSHSenw082122WLW2	TSHSen	Tashmoo Sentinel	WLW	8	2	2	water	Sample	8/21/22	TSHSenw082122WLW	0.288	717	2	41	3.81	3.81	4.18	1.16	1.06	1.16	31.48
TSHSenw0824221	TSHSen	Tashmoo Sentinel	<5	8	2	1	water	Sample	8/24/22	TSHSenw082422	0.282	305376	1	44	1.75	2.12	2.31	0.83	1.05	0.94	31.1
TSHSenw0824222	TSHSen	Tashmoo Sentinel	<5	8	2	2	water	Sample	8/24/22	TSHSenw082422	0.186	4415	2	44	1.75	2.12	2.31	0.83	1.05	0.94	31.1
TSHSenw082422WLW1	TSHSen	Tashmoo Sentinel	WLW	8	2	1	water	Sample	8/24/22	TSHSenw082422WLW	0	999	2	44	1.5	1.75	1.75	0.82	0.83	0.83	31.1
TSHSenw082422WLW2	TSHSen	Tashmoo Sentinel	WLW	8	2	2	water	Sample	8/24/22	TSHSenw082422WLW	0	2946	1	44	1.5	1.75	1.75	0.82	0.83	0.83	31.1
TSHSenw0908221	TSHSen	Tashmoo Sentinel	<5	9	3	1	water	Sample	9/8/22	TSHSenw090822	0	9080	2	59	8.87	8.12	8.53	1.54	1.54	1.43	28.7
TSHSenw0908222	TSHSen	Tashmoo Sentinel	<5	9	3	2	water	Sample	9/8/22	TSHSenw090822	0	32035	1	59	8.87	8.12	8.53	1.54	1.54	1.43	28.7
TSHSenw090822WLW1	TSHSen	Tashmoo Sentinel	WLW	9	3	1	water	Sample	9/8/22	TSHSenw090822WLW	0	66915	1	18	8.31	8.87	8.12	1.59	1.59	1.54	28.7
TSHSenw090822WLW2	TSHSen	Tashmoo Sentinel	WLW	9	3	2	water	Sample	9/8/22	TSHSenw090822WLW	0.1	5188	2	59	8.31	8.87	8.12	1.59	1.59	1.54	28.7
